ATENÇÃO PRIMÁRIA À SAÚDE;;;;;;;;;;;;
DIRETRIZ 1 - Fortalecer a Atenção Primária à Saúde como ordenadora da Rede de Atenção à Saúde, garantindo acesso, longitudinalidade, coordenação do cuidado, integralidade e equidade à população de Parauapebas.;;;;;;;;;;;;
OBJETIVO 1.1 - Ampliar e qualificar a Atenção Primária à Saúde, assegurando cobertura, melhoria das infraestruturas, aprimoramento do processo de trabalho e valorização dos profissionais, resolutividade e coordenação do cuidado, com foco na universalização do acesso, à abrangência do cuidado integral, promoção da saúde e à prevenção de doenças e agravos.;;;;;;;;;;;;
Nº;Descrição da Meta;Indicador de Meta;Linha de Base do Indicador;;;Meta do PMS 2026 a 2029;Unidade de medida;Subfunção;2026;2027;2028;2029
;;;Ano ;Valor da linha de base ;Unidade de medida;;;;;;;
1.1.1;Ampliar a cobertura potencial da APS.;Cobertura potencial da Atenção Primária à Saúde no município.;2024;70,19%;percentual;80%;percentual;301;74%;76%;78%;80%
1.1.2;Ampliar a cobertura populacional de Agentes Comunitários de Saúde na Atenção Primária à Saúde.;Cobertura populacional de ACS no município.;2024;76,64%;percentual;90%;percentual;301;81%;84%;87%;90%
1.1.3;Ampliar o número de equipes Multiprofissionais vinculadas à eSF.;Número de equipes Multiprofissionais (eMulti) implantadas.;2024;6;número absoluto;10;número absoluto;301;4;2;2;2
1.1.4;Implantar equipe de Consultório na Rua – eCR. ;Número de equipes de Consultório na Rua implantadas.;2024;0;número absoluto;1;número absoluto;301;1;0;0;0
1.1.5;Promover a integralidade e a continuidade da assistência na Atenção Primária para as populações rurais, através da ampliação da frota destinada ao transporte sanitário eletivo municipal.;Número de veículos de transporte sanitário eletivo adquiridos. ;2024;3;número absoluto;6;número absoluto;301 e 122;3;1;1;1
1.1.6;Promover a equidade no acesso aos serviços de saúde, garantindo suporte logístico para que as equipes da APS realizem busca ativa e assistência domiciliar a idosos e comunidades rurais de difícil acesso.;Número de veículos próprios adquiridos para transporte das equipes da Atenção Primária.;2024;0;número absoluto;12;número absoluto;301 e 122;3;3;3;3
;;;;;;;;;;;;
;;;;;;;;;;;;
1.1.7;Elevar e estabilizar o Índice de Abastecimento Prioritário (IAP) nas unidades de saúde, visando atingir a meta pactuada de disponibilidade dos itens de custeio (materiais de consumo, insumos e etc.) e serviços de manutenção.;Índice de Abastecimento Prioritário (IAP) das Unidades Básicas de Saúde.;2024;S/I;índice;10;índice;301 e 122;7;8;9;10
1.1.8;Promover a atualização e a manutenção do Índice de Estruturação Patrimonial (IEP) nas Unidades Básicas de Saúde, garantindo as condições físicas e tecnológicas (equipamentos, mobiliários etc.) necessárias para o atendimento pleno à população.;Índice de Estruturação Patrimonial (IEP) das Unidades Básicas de Saúde.;2024;S/I;índice;10;índice;301 e 122;7;8;9;10
1.1.9;Reformar Unidades Básicas de Saúde, qualificando a infraestrutura física e melhorando as condições de atendimento à população.;Número de Unidades Básicas de Saúde reformadas.;2024;3;número absoluto;22;número absoluto;301/;8;6;4;4
;;;;;;;;122;;;;
1.1.10;Ampliar Unidades Básicas de Saúde, adequando a infraestrutura física à expansão da oferta de serviços da Atenção Primária à Saúde.;Número de Unidades Básicas de Saúde ampliadas.;2024;0;número absoluto;12;número absoluto;301/;3;3;3;3
;;;;;;;;122;;;;
1.1.11;Construir Unidades Básicas de Saúde com Porte igual ou superior   a IV, ampliando a capacidade instalada da Atenção Primária à Saúde no município.;Número de Unidades Básicas de Saúde com porte igual ou superior a IV construídas no período.;2024;1;número absoluto;6;número absoluto;301/ 122;1;2;2;1
;;;;;;;;;;;;
;;;;;;;;;;;;
1.1.12;Reduzir as internações por causas sensíveis à Atenção Primária.;Proporção de internações por causas sensíveis à Atenção Primária à Saúde.;2024;19,34%;percentual;18,00%;percentual;301;18,80%;18,53%;18,27%;18,00%
;;;;;;;;;;;;
1.1.13;Ampliar a oferta, o acesso e o registro das Práticas Integrativas e Complementares em Saúde (PICS) na Atenção Primária à Saúde, promovendo o cuidado integral e a promoção da saúde da população.;Número de atendimentos/ações de Práticas Integrativas e Complementares em Saúde (PICS) registrados na Atenção Primária à Saúde.;2024;2.284;número absoluto;4.111;número absoluto;301;2740;3197;3654;4111
1.1.14;Ampliar o acompanhamento e o registro da vigilância nutricional, com foco no enfrentamento da desnutrição e do baixo peso infantil, bem como do sobrepeso e da obesidade, em todos os ciclos de vida (crianças, adolescentes, adultos e idosos).;Número de indivíduos com estado nutricional avaliado e registrado no sistema de vigilância alimentar e nutricional.;2024;84.496;número absoluto;100.000;número absoluto;306/ 301;87.496;90.700;93.900;100.000
1.1.15;Fortalecer a articulação e os fluxos assistenciais entre a Atenção Primária à Saúde do município e as Equipes de Saúde da Família Indígena (SESAI/DSEI), por meio de cooperação técnica, garantindo a integralidade do cuidado à população indígena no âmbito do SUS.;Número de fluxos assistenciais pactuados entre a rede municipal de saúde e o Subsistema de Atenção à Saúde Indígena.;2024;0;número absoluto.;5;número absoluto.;122;2;1;1;1
1.1.16;Ampliar o acesso aos serviços de saúde às populações do campo sem cobertura de equipes da APS. ;Número de ações assistenciais básicas realizadas para a população do campo descobertas de equipes.;2024;0;número absoluto.;30;número absoluto;301;20;24;28;30
1.1.17;Reduzir a taxa de mortalidade prematura (de 30 a 69 anos) por doenças crônicas não transmissíveis (doenças do aparelho circulatório, câncer, diabetes e doenças respiratórias crônicas).;Taxa de mortalidade prematura (30 - 69 anos) por doenças crônicas não transmissíveis (DCNT).;2024;253,61;taxa;121,22;taxa;301;223,31;191,1;162,8;121,22
1.1.18;Aumentar a cobertura de acompanhamento das condicionalidades de saúde do Programa Bolsa Família – PBF nas vigências.;Proporção de acompanhamento das condicionalidades do Programa Bolsa Família realizados na 1ª vigência.;2024;76,02%;percentual;80%;percentual;301/;78%;78%;80%;80%
;;;;;;;;305/;;;;
;;;;;;;;306;;;;
1.1.19;Ampliar a identificação precoce do risco para TEA, por meio da aplicação do M-CHAT-R/F em 75% das crianças de 16 a 30 meses atendidas nas UBS até 2029, favorecendo o encaminhamento e o acompanhamento oportuno.;Percentual de crianças de 16 a 30 meses avaliadas com o instrumento M-CHAT-R/F.;2024;0;percentual;50%;percentual;301;13%;25%;38%;50%
1.1.20;Implantar pontos de telessaúde na APS.;Número de pontos de telessaúde implantados.;2024;0;número absoluto;10;número absoluto;301;3;3;2;2
1.1.21;Reduzir mortalidade infantil por meio da qualificação da atenção pré-natal, puericultura e identificação precoce de risco.;Taxa de Mortalidade Infantil.;2024;15,38;taxa;13,38;taxa;301/;14,88;14,38;13,88;13,38
;;;;;;;;302/;;;;
;;;;;;;;305;;;;
1.1.22;Ampliar e qualificar o cuidado integral no desenvolvimento infantil na Atenção Primária à Saúde, assegurando o acesso oportuno, o acompanhamento longitudinal e a adoção de boas práticas de promoção da saúde e do desenvolvimento de crianças de zero a dois anos de idade.;Proporção de crianças de zero a dois anos acompanhadas de forma integral pela Atenção Primária à Saúde.;2024;SI;percentual;51%;percentual;301;26%;36%;46%;51%
1.1.23;Reduzir a Mortalidade Materna no município, por meio da qualificação do pré-natal, identificação precoce de risco e resposta oportuna às urgências obstétricas.;Razão da mortalidade materna no município.;2024;89,16;razão;70;razão;301/ 302/ 305;84,3;79,5;74,7;70
1.1.24;Ampliar e qualificar o cuidado integral às gestantes e puérperas na Atenção Primária à Saúde, assegurando captação precoce, acompanhamento coordenado e contínuo, e adoção de boas práticas assistenciais ao longo da gestação e do puerpério.;Proporção de gestantes e puérperas acompanhadas de forma integral pela Atenção Primária à Saúde.;2024;SI;percentual;76%;percentual;301;45%;55%;65%;76%
1.1.25;Reduzir a proporção de gestações em adolescentes de 10 a 19 anos no município, por meio do fortalecimento das ações de saúde sexual e reprodutiva na Atenção Primária à Saúde.;Proporção de nascidos vivos de mães adolescentes de 10 a 19 anos em relação ao total de nascidos vivos no município.;2024;13,31%;percentual;12,70%;percentual;301;13,09%;12,96%;12,83%;12,70%
;;;;;;;;;;;;
1.1.26;Ampliar o percentual de exames de rastreamento de câncer de colo de útero de mulheres cadastradas na APS na faixa etária de 25 a 64 anos e com avaliação nos últimos 36 meses.;Percentual de mulheres de 25 a 64 anos cadastradas na APS com exame de rastreamento do câncer de colo do útero solicitado, realizado ou avaliado nos últimos 36 meses.;2024;SI;percentual;76%;percentual;301;45%;55%;65%;76%
;;;;;;;;;;;;
1.1.27;Ampliar o rastreamento de câncer de mama em mulheres e homens transgênero na faixa etária de 50 a 74 anos.;Proporção de mulheres e homens transgênero de 50 a 74 anos com registro de pelo ao menos 1 exames de mamografia de rastreamento solicitado, realizado ou avaliado nos últimos 24 meses.;2024;SI;percentual;51%;percentual;301/;26%;36%;46%;51%
;;;;;;;;302;;;;
1.1.28;Qualificar o cuidado integral às pessoas com diabetes na Atenção Primária à Saúde, fortalecendo a captação, o acompanhamento clínico regular e a adoção de boas práticas assistenciais, com foco na prevenção de complicações e na melhoria da qualidade de vida.;Proporção de pessoas com diabetes acompanhadas de forma integral na Atenção Primária à Saúde.;2024;SI;Percentual;76%;Percentual;301;45%;55%;65%;76%
1.1.29;Ampliar e qualificar o acompanhamento das pessoas com hipertensão na Atenção Primária à Saúde, assegurando acesso oportuno, monitoramento clínico contínuo e ações integradas de prevenção de agravos e complicações cardiovasculares.;Proporção de pessoas com hipertensão arterial acompanhadas de forma integral na Atenção Primária  à Saúde.;2024;SI;percentual;76%;Percentual;301;45%;55%;65%;76%
1.1.30;Fortalecer o cuidado integral à pessoa idosa na Atenção Primária à Saúde, com ênfase no acompanhamento longitudinal, na promoção da autonomia, na prevenção de agravos e na atenção às pessoas idosas em situação de maior vulnerabilidade.;Proporção de pessoas idosas acompanhadas de forma integral pela Atenção Primária à Saúde.;2024;SI;Percentual;76%;Percentual;301;45%;55%;65%;76%
1.1.31;Reduzir de internação de pessoas idosas por fratura de fêmur.;Reduzir a taxa de internação de pessoas idosas por fratura de fêmur.;2024;3,01;taxa;≤ 2,77;taxa;301/;≤ 2,94;≤ 2,89;≤ 2,83;≤ 2,77
;;;;;;;;302;;;;
1.1.32;Ampliar a cobertura de Saúde Bucal na APS. ;Cobertura populacional pela eSB vinculadas à eSF.;2024;26,13%;percentual;70%;percentual;301;45%;55%;65%;70%
1.1.33;Construir o Centro de Especialidades Odontológicas – CEO (Tipo III).;Centro de Especialidade Odontológica – CEO Tipo III construído.;2024;0;número absoluto;1;número absoluto;301;0;0;1;0
1.1.34;Implantar o Centro de Especialidades Odontológicas (CEO) Tipo III, ampliando o acesso da população aos serviços odontológicos especializados no município.;Centro de Especialidades Odontológicas - CEO (tipo III) habilitado.;2024;0;número absoluto;1;número absoluto;301;0;0;1;0
1.1.35;Aderir o Centro de Especialidade Odontológica (CEO) à Rede de Cuidado a Pessoas com Deficiência (RCPD) ampliando e qualificando o cuidado às especificidades das pessoas com deficiência que necessita de atendimento odontológico.;CEO-RCPD habilitado.;2024;0;número absoluto;1;número absoluto;301;0;0;1;0
1.1.36;Ampliar a proporção de atendimentos odontológicos a pessoa com deficiência.;Proporção de atendimentos odontológicos a pessoa com deficiência.;2024;26,64%;percentual;50%;percentual;301;35%;40%;45%;50%
1.1.37;Promover a reabilitação protética dos usuários da rede de saúde através do convênio com Laboratório Regional de Prótese Dentária (LRPD).;Número de próteses dentárias instaladas.;2024;800;número absoluto;1463;número absoluto;301;1265;1328;1394;1463
;;;;;;;;;;;;
1.1.38;Ampliar a cobertura de consulta programada de odontologia em gestante no município.  ;Proporção de gestante com pelo menos 01 consulta odontológica programada realizada.;2024;67%;percentual;85%;percentual;301;70%;75%;80%;85%
1.1.39;Qualificar anualmente os profissionais da Atenção Primária à Saúde (APS) nas áreas estratégicas e linhas de cuidado (saúde da mulher, da criança, do idoso, saúde mental, condições crônicas e etc).;Percentual de profissionais da APS capacitados.;2024;S/I;percentual;80%;percentual;301;60%;70%;75%;80%
1.1.40;Implantar o Programa Academia da Saúde com a construção e habilitação de Polos do Programa.;Número de Polo do Programa Academia da Saúde construído e habilitado.;2024;0;número absoluto;2;número absoluto;301;0;0;1;1
1.1.41;Ampliar a cobertura de médicos vinculados ao Programa Mais Médicos para Brasil garantindo provimento médico nas equipes de Saúde da Família prioritárias do município.;Número de equipes de Saúde da Família composta por médicos do Programa Mais Médicos.;2024;29;número absoluto;21;número absoluto;301;0;2;9;10
;;;;;;;;;;;;
ATENÇÃO ESPECIALIZADA EM SAÚDE - MÉDIA E ALTA COMPLEXIDADE;;;;;;;;;;;;
DIRETRIZ 2 - Organizar, ampliar e qualificar a Atenção Especializada e Hospitalar de Média e Alta Complexidade no município, garantindo acesso oportuno, redução de filas, integralidade do cuidado e fortalecimento das Redes de Atenção à Saúde, em consonância com as políticas e programas estadual e do Ministério da Saúde.;;;;;;;;;;;;
OBJETIVO 2.1 - Qualificar e ampliar a capacidade instalada e resolutiva da atenção especializada em saúde e hospitalar de média e alta complexidade alinhada com Rede de Atenção às Urgências, expandindo e implantado novas estruturas, habilitando novos serviços, garantindo acesso oportuno e atendimento integral à população de Parauapebas.;;;;;;;;;;;;
Nº;Descrição da Meta;Indicador de Meta;Linha de Base do Indicador;;;Meta do PMS 2026 a 2029;Unidade de medida;Subfunção;2026;2027;2028;2029
;;;Ano;Valor da linha de base;Unidade de medida;;;;;;;
2.1.1;Ampliar o número de Base Descentralizada do SAMU 192 com sua construção e habilitação para cobrir vazios assistenciais de saúde no  município. ;Número de Base Descentralizadas do SAMU 192 construídas e habilitadas.;2024;1;número absoluto;2;número absoluto;302;0;1;0;1
2.1.2;Ampliar o número de Unidade de Suporte Básico (USB) com habilitação e aquisição de veículos para transporte de pacientes no âmbito do SAMU 192. ;Número de veículo USB adquirido e habilitado.;2024;1;número absoluto;4;número absoluto;302;0;2;0;2
2.1.3;Ampliar o número de Unidade de Suporte Avançado (USA) com habilitação e aquisição de veículos para transporte de paciente no âmbito do SAMU 192  ;Número de veículo USA adquirido e habilitado.;2024;1;número absoluto;1;número absoluto;302;0;1;0;0
2.1.4;Promover a renovação da frota do SAMU 192, assegurando conformidade com as diretrizes do Ministério da Saúde e melhoria do tempo-resposta. ;Número de ambulâncias renovadas ;2024;0;número absoluto;2;número absoluto;302;0;1;0;1
2.1.5;Implantar serviço de motolância para o SAMU 192 com aquisição do veículo e habilitação do serviço. ;Serviço de motolância SAMU 192 habitado.;2024;0;número absoluto;2;número absoluto;122;0;2;0;0
;;;;;;;;302;;;;
2.1.6;Reformar a base descentralizada do SAMU 192 qualificando a infraestrutura física e melhorando as condições de trabalho da equipe. ;Número de Base descentralizada SAMU 192 reformada;2024;0;número absoluto;2;número absoluto;302;0;1;0;1
2.1.7;Realizar e manter a qualificação do Serviço Móvel de Urgência SAMU 192 junto ao MS. ;Número  de qualificação do SAMU 192 junto ao MS.;2024;0;número absoluto;2;número absoluto;302;1;0;1;0
2.1.8;Reduzir o tempo médio de resposta de atendimento do SAMU de 20 minutos em 2024 para 15 minutos até 2029.;Tempo médio de resposta de atendimento das equipes do SAMU;2024;20;número absoluto;≤15;número absoluto;302;≤19;≤17;≤16;≤15
2.1.9;Solicitar ao MS alteração de modalidade da UPA Sebastião Barbosa, para Unidade de Pronto Atendimento (UPA) opção VI de funcionamento.  ;UPA habilitada na modalidade opção VI de funcionamento.;2024;1- Tipo II;número absoluto;1 - Tipo VIII;número absoluto;302;0;1 - Tipo VIII;0;0
2.1.10;Solicitar e manter a qualificação dos serviços da UPA Sebastião Barbosa junto ao MS. ;UPA qualificada junto ao MS. ;2024;1;número absoluto;1;número absoluto;302;0;0;1;0
2.1.11;Ampliar o serviço de Pronto Atendimento com a construção e habilitação de uma unidade opção  III de funcionamento.;UPA opção III construída e habilitada ;2024;1;número absoluto;1;número absoluto;302;0;0;0;1
2.1.12;Reformar a UPA Sebastião Barbosa qualificando a infraestrutura física e melhorando as condições de trabalho e de atendimento à população. ;Número de reforma na UPA Sebastião Barbosa.;2024;0;número absoluto;2;número absoluto;302;0;1;0;1
2.1.13;Realizar mudança da tipologia da porta de entrada de urgência do Hospital Geral de Parauapebas para Hospital Especializado Tipo II. ;Hospital Geral de Parauapebas porta de entrada de urgência especializada tipo II habilitado junto ao MS.;2024;0;número absoluto;1;número absoluto;302;0;0;1;0
2.1.14;Qualificar a porta de entrada de urgência do Hospital Geral de Parauapebas. ;HGP qualificado ;2024;0;número absoluto;1;número absoluto;302;0;0;0;1
2.1.15;Ampliar número de leitos de terapia intensiva adulta no HGP. ;Número de leitos de UTI implantados e habilitados;2024;10;número absoluto;10;número absoluto;302;0;0;10;0
2.1.16;Qualificar leitos de terapia intensiva adulta no HGP. ;Qualificar leitos;2024;10;número absoluto;10;número absoluto;302;0;0;0;20
2.1.17;Implanta leitos de terapia intensiva infantil.  ;Número de leitos de UTI infantil implantados e habilitados;2024;0;número absoluto;10;número absoluto;302;0;0;10;0
2.1.18;Implantar o serviço de unidade coronariana, solicitando para MS investimento de implantação de leitos de unidade coronariana (UCO). ;Número de leitos UCO implantados. ;2024;0;número absoluto;1;número absoluto;302;0;0;1;0
2.1.19;Habilitar o HGP junto ao MS como Centro de atendimento de urgência tipo II referência para atendimento aos pacientes com AVC.  ;HGP habilitado como centro de referência tipo II para AVC.;2024;0;número absoluto;1;número absoluto;302;0;0;1;0
2.1.20;Implantar e qualificar a Linha de cuidado ao trauma no HGP  ;Linha de cuidado implantada ;2024;S/I;número absoluto;1;número absoluto;302;0;1;0;0
2.1.21;Manter os leitos de enfermaria de retaguarda clínica ;Manter leitos de retaguarda clínica implantados.;2024;100%;percentual;100%;percentual;302;100%;100%;100%;100%
2.1.22;Qualificar os leitos de enfermaria de retaguarda clínica;Qualificar leitos;2021;100%;percentual;100%;percentual;302;0;0;100%;0
2.1.23;Implantar unidade de cuidados prolongados. ;Número de leitos cuidados prolongados implantados.;2024;0;número absoluto;15;número absoluto;302;0;0;15;0
2.1.24;Qualificar os serviços de Atenção Domiciliar ampliando a cobertura populacional por Equipe Multiprofissional de Atenção Domiciliar (EMAD).;Número de equipes EMAD implantadas e qualificadas.;2024;2;número absoluto;2;número absoluto;302;1;0;0;1
OBJETIVO 2.2 - Ampliar e qualificar os serviços que compõe a Rede de Atenção Psicossocial no município, assegurando atenção integral, contínua e humanizada às pessoas com sofrimento mental e necessidades decorrentes do uso de álcool e outras drogas.;;;;;;;;;;;;
Nº;Descrição da Meta;Indicador de Meta;Linha de Base do Indicador;;;Meta do PMS 2026 a 2029;Unidade de medida;Subfunção;2026;2027;2028;2029
;;;Ano ;Valor da linha de base ;Unidade de medida;;;;;;;
2.2.1;Adequar/reformar o Centro de Atenção Psicossocial II melhorando a infraestrutura e a capacidade assistencial da Rede de Atenção Psicossocial do município.;CAPS II adequando/reformado ;2024;0;número absoluto;2;número absoluto;302;0;1;0;1
2.2.2;Implantar o Centro de Atenção Psicossocial III ampliando a cobertura assistencial da RAPS.;CAPS III implantado ;2024;0;número absoluto;1;número absoluto;302;0;0;0;1
2.2.3;Realizar a construção do CAPS III atendendo os parâmetros estruturais estabelecidos pelo MS e ANVISA.;Estrutura física CAPS III construído ;2024;0;número absoluto;1;número absoluto;302;0;0;0;1
2.2.4;Implantar e habilitar o Centro de Atenção Psicossocial infanto-Juvenil (CAPSi), qualificando a atenção psicossocial a crianças e adolescentes em sofrimento psíquico.;CAPSi implantado e habilitado junto ao MS.;2024;0;número absoluto;1;número absoluto;302;0;1;0;0
2.2.5;Realizar a construção do CAPSi atendendo os parâmetros estruturais estabelecidos pelo MS e ANVISA.;Estrutura física CAPSi construído ;2024;0;número absoluto;1;número absoluto;302;0;1;0;0
2.2.6;Habilitar e implantar o Centro de Atenção Psicossocial álcool e droga (CAPSad) qualificando a atenção psicossocial a todas as pessoas em situações relacionadas ao uso prejudicial de álcool e outras drogas.;CAPSad implantado e habilitado junto ao Ministério da Saúde.;2024;0;número absoluto;1;número absoluto;302;0;0;0;1
2.2.7;Construir o prédio do CAPSad atendendo requisitos e parâmetros estruturais estabelecidos pelo MS e ANVISA.;Estrutura física do CAPSad construída.;2024;0;número absoluto;1;número absoluto;302;0;0;0;1
2.2.8;Ampliar os leitos de saúde mental no município.;Número de leitos de saúde mental implantados.;2024;8;número absoluto;4;número absoluto;302;0;0;4;0
2.2.9;Aumentar o número de ações de matriciamento realizadas pelo CAPS com a APS.;Percentual de ações de matriciamento do CAPS com a APS;2024;71%;percentual;100%;percentual;302;78,25%;85,50%;92,75%;100%
2.2.10;Ampliar cobertura de serviços de saúde mental.;Percentual da população com acesso a serviços de saúde mental;2024;S/I;percentual;40%;percentual;302;20%;30%;35%;40%
2.2.11;Implantar/habilitar 01 Centro de Convivência e Cultura (CECO III).;Centro de Convivência e Cultura implantado. ;2024;0;número absoluto;1;número absoluto;302;0;0;0;1
;;;;;;;;;;;;
OBJETIVO 2.3: Estruturar, ampliar e qualificar a Rede de Atenção à Pessoa com Deficiência no município, assegurando atenção integral, acessível e contínua às pessoas com deficiência física, auditiva, visual, intelectual incluindo Transtorno do Espectro Autista (TEA), em articulação com os demais pontos da Rede de Atenção à Saúde.;;;;;;;;;;;;
Nº;Descrição da Meta;Indicador de Meta;Linha de Base do Indicador;;;Meta do PMS 2026 a 2029;Unidade de medida;Subfunção;2026;2027;2028;2029
;;;Ano ;Valor da linha de base ;Unidade de medida;;;;;;;
2.3.1;Habilitar o Centro Especializado em Reabilitação CER mudando a modalidade II para IV, ampliando a capacidade assistencial da Rede de Cuidados à Pessoas com Deficiência.;Modalidade do CER IV habilitado junto ao Ministério da Saúde.;2024;0;número absoluto;1;número absoluto;302;0;0;1;0
2.3.2;Realizar a construção do CER IV atendendo os pré-requisitos estruturais estabelecidos pelo MS e órgão sanitários,;CER IV construído;2024;0;número absoluto;1;número absoluto;302;0;0;1;0
2.3.3;Realizar a construção e habilitação da oficina ortopédica fixa ampliando o acesso e a qualidade da assistência no município.;Oficina ortopédica construída.;2024;0;número absoluto;1;número absoluto;302;0;1;0;0
2.3.4;Adquirir frota de transporte sanitário adaptado, com acessibilidade para cadeirantes e usuários com mobilidade reduzida, destinado ao atendimento do CER.;Número de veículos adaptados adquiridos para o CER.;2024;1;número absoluto;1;número absoluto;302;0;0;1;0
2.3.5;Aderir ao incentivo financeiro federal de custeio para o Centro Especializado em Reabilitação (CER II) habilitado na modalidade de reabilitação intelectual, qualificando e ampliando a oferta de atendimento às pessoas com Transtorno do Espectro Autista (TEA).;CER II Modalidade Reabilitação Intelectual (TEA) habilitado.;2024;0;número absoluto;1;número absoluto;302;0;1;0;0
2.3.6;Aderir aos incentivos financeiros federais destinado ao custeio de transporte sanitário adaptado para pessoa com deficiente vinculado ao CER II.;Número de veículos de transporte sanitário adaptado habilitados para atendimento às pessoas com deficiência.;2024;0;número absoluto;2;número absoluto;302;1;0;1;0
2.3.7;Aumentar os procedimentos de reabilitação executados no CER II e SAD.;Número total de procedimentos de reabilitação realizados de acordo com a Nota Técnica Nº15/2024 CGSPD/DAET/SAES/MS.;2024;25.100;número absoluto;42.687;número absoluto;302;29.504;33.898;38.292;42.687
2.3.8;Realizar articulação interfederativa com o Governo do Estado do Pará para viabilizar a implantação do Núcleo Estadual de Atendimento ao Transtorno do Espectro Autista (NATEA) no município.;Núcleo de Atendimento ao Transtorno do Espectro Autista implantado.;2024;0;número absoluto;1;número absoluto;302;0;0;1;0
2.3.9;Implantar e habilitar junto ao Ministério da Saúde Equipe Assistencial de Cuidados Paliativos (EACP);Número de Equipe  Assistenciais de Cuidados Paliativos (EACP) implantados e habilitadas ;2024;0;número absoluto;1;número absoluto;302;0;1;0;0
;;;;;;;;;;;;
2.3.10;Implantar e habilitar junto ao Ministério da Saúde Equipe Matricial de Cuidados Paliativos (EMCP);Número de Equipe Matricial de Cuidados Paliativos (EMCP) implantados e habilitados;2024;0;número absoluto;1;número absoluto;302;0;1;0;0
;;;;;;;;;;;;
OBJETIVO 2.4: Implementar o Plano Municipal de Redução de Fila ampliando e qualificando o acesso da população aos serviços de atenção ambulatorial especializada, diminuindo o tempo de espera para consultas, exames e procedimentos, por meio da organização da oferta, fortalecimento da regulação e adesão às estratégias do Programa Agora Tem Especialistas.;;;;;;;;;;;;
Nº;Descrição da Meta;Indicador de Meta;Linha de Base do Indicador;;;Meta do PMS 2026 a 2029;Unidade de medida;Subfunção;2026;2027;2028;2029
;;;Ano;Valor da linha de base;Unidade de medida;;;;;;;
2.4.1;Ampliar e reestruturar a infraestrutura física da Policlínica Municipal, adequando a capacidade instalada à demanda assistencial da atenção ambulatorial especializada.;Policlínica ampliada e reestruturada.;2024;0;número absoluto;1;número absoluto;302;0;1;0;0
2.4.2;Reformar a Policlínica Municipal qualificando a infraestrutura física e melhorando as condições de trabalho e de atendimento à população.;Policlínica reformada.;2024;0;número absoluto;2;número absoluto;302;0;1;0;1
2.4.3;Reduzir progressivamente o tempo médio de espera para consultas especializadas prioritárias (neurologia, cardiologia, ginecologia e ortopedia, reumatologia e endocrinologia) reguladas pelo município.;Tempo médio de espera para consultas especializadas prioritárias reguladas.;2024;125;número absoluto dias;≤ 45 dias;número absoluto dias;302;105;90;60;45
2.4.4;Implantar as modalidades de Ofertas de Cuidados Integrados (OCI’s) executadas nos serviços da rede própria, ou credenciadas.; Ofertas de Cuidados Integrados- OCI’s implantadas;2024;0;número absoluto;6;número absoluto;302;4;2;0;0
2.4.5;Ampliar a realização de exames com finalidade diagnóstica por imagem realizados na rede própria e contratualizada, priorizando a redução de filas.;Percentual de exames diagnósticos especializados realizados.;2024;S/I;percentual;80%;percentual;302;60%;70%;80%;80%
2.4.6;Ampliar progressivamente a oferta de cirurgias eletivas na rede própria, referenciada e/ou contratualizada, com foco na redução da fila de cirurgia eletiva.;Número de cirurgias eletivas realizadas;2024;S/I;número absoluto;6.900;número absoluto;302;1800;1700;1700;1700
OBJETIVO 2.5 Qualificar a atenção materno-infantil na média e alta complexidade, garantindo assistência integral à gestante, ao parto, ao puerpério e ao recém-nascido fortalecendo a Rede Alyne no município e a integração com os demais pontos de atenção à Saúde.;;;;;;;;;;;;
;;;;;;;;;;;;
Nº;Descrição da Meta;Indicador de Meta;Linha de Base do Indicador;;;Meta do PMS 2026 a 2029;Unidade de medida;Subfunção;2026;2027;2028;2029
;;;Ano;Valor da linha de base;Unidade de medida;;;;;;;
2.5.1;Reestruturar e habilitar o Ambulatório de Gestação e Puerpério de Alto Risco – AGPAR ampliando o acesso ao pré-natal de alto risco e o cuidado compartilhado com APS.;Ambulatório de Gestação e Puerpério de Alto Risco – AGPAR reestruturado e habilitado.;2024;0;número absoluto;1;número absoluto;302;0;1;0;0
2.5.2;Implantar e habilitar o Ambulatório de seguimento do recém-nascido e da criança egressos de unidade neonatal - A-SEG qualificando o cuidado ao recém-nascido de risco, compartilhado com a APS.;A-SEG implantado e qualificado;2024;0;número absoluto;1;número absoluto;302;0;1;0;0
;;;;;;;;;;;;
2.5.3;Realizar consulta de pré-natal de alto risco.;Proporção de consultas de pré-natal de alto risco confirmadas.;2024;S/I;percentual;80%;percentual;302;80%;80%;80%;80%
2.5.4;Ampliar a realização dos exames laboratoriais de pré-natal preconizados para gestantes de risco habitual e alto risco.;Proporção de gestantes com exames laboratoriais preconizados para o pré-natal avaliados.;2024;S/I;percentual;80%;percentual;302;80%;80%;80%;80%
2.5.5;Ampliar a realização dos exames de imagem (ultrassom obstétrica) preconizado para gestantes de risco habitual e alto risco.;Proporção de gestantes com pelo menos 01 ultrassom obstétrica avaliada.;2024;S/I;percentual;80%;percentual;302;80%;80%;80%;80%
2.5.6;Aumentar a proporção de parto normal no SUS.;Proporção de parto normal no SUS.;2024;52%;percentual;59,80%;Percentual;302;53,95%;55,90%;57,85%;59,80%
2.5.7;Habilitar a Maternidade do HGP em Gestação de Alto Risco.;Maternidade do HGP habilitada em Gestação de Alto Risco.;2024;0;número absoluto;1;número absoluto;302;0;0;1;0
2.5.8;Implantar e habilitar leitos de terapia intensiva neonatal.;UTINeo implantada e habilitada;2024;0;número absoluto;10;número absoluto;302;0;0;10;0
2.5.9;Implantar e habilitar 5 leitos de UCI Neonatal Canguru.;UCI Neonatal Canguru implantada e habilitada (05 leitos).;2024;0;número absoluto;5;número absoluto;302;0;0;5;0
2.5.10;Manter os 10 leitos de UCI Neonatal Convencional.;UCI Neonatal Convencional funcionando;2024;10;Leitos;10;número absoluto;302;10;10;10;10
2.5.11;Reestruturar e habilitar o CPNi tipo II com 5 PPP.;CPNi tipo II, com 5 PPP habilitados.;2024;0;número absoluto;5;número absoluto;302;0;5;0;0
2.5.12;Implantar e habilitar a Casa da Gestante, Bebê e Puérpera.;Casa da Gestante, Bebê e Puérpera implantada e habilitada.;2024;0;número absoluto;1;número absoluto;302;0;0;1;0
2.5.13;Construção da Casa da Gestante, Bebê e Puérpera.;Casa da Gestante, Bebê e Puérpera construída.;2024;0;número absoluto;1;número absoluto;302;0;0;1;0
2.5.14;Realizar articulação interfederativa com o Governo Federal para construção de uma Maternidade para o município.;Maternidade construída;2024;0;número absoluto;1;número absoluto;302;0;0;0;1
2.5.15;Habilitar o Banco de Leite Humano do HGP.;Banco de Leite Humano habilitado;2024;0;número absoluto;1;número absoluto;302;0;0;1;0
OBJETIVO 2.6 – Estruturar, ampliar e qualificar a rede e os serviços de média e alta complexidade, assegurando retaguarda assistencial resolutiva à Atenção Primária e à Atenção Especializada em conformidade as redes de atenção à saúde.;;;;;;;;;;;;
Nº;Descrição da Meta;Indicador de Meta;Linha de Base do Indicador;;;Meta do PMS 2026 a 2029;Unidade de medida;Subfunção;2026;2027;2028;2029
;;;Ano;Valor da linha de base;Unidade de medida;;;;;;;
2.6.1;Assegurar o funcionamento contínuo e qualificado dos serviços da Atenção Especializada em Saúde por meio da aquisição de materiais de consumo e serviços de manutenção necessárias para realização das atividades.;Percentual de serviços da Atenção Especializada abastecidos regularmente com materiais de consumo e serviços de manutenções essenciais.;2024;S/I;percentual;95%;percentual;302/;80%;85%;90%;95%
;;;;;;;;122;;;;
2.6.2;Assegurar a disponibilidade de frota de veículos dimensionada como necessária para atender às demandas operacionais da Atenção Especialidade em Saúde.;Percentual de veículos disponíveis em relação à frota necessária planejada.;2024;S/I;percentual;≥90%;Percentual;302;≥90%;≥90%;≥90%;≥90%
;;;;;;;;122;;;;
2.6.3;Promover aquisição/ampliação de frota destinada ao transporte sanitário eletivo para os usuários da rede especializada (SAD, policlínica etc.).;Número de ambulâncias adquiridas;2024;S/I;número absoluto;4;número absoluto;302;0;2;1;1
2.6.4;Qualificar as estruturas da Atenção Especializada à Saúde por meio da aquisição de bens permanentes (equipamentos, mobiliário e etc.) necessárias para realização das atividades.;Percentual de serviços da Atenção Especializada com equipamentos, mobiliários e bens permanentes adequados às suas atividades.;2024;S/I;percentual;90%;percentual;302/;75%;80%;85%;90%
;;;;;;;;122;;;;
2.6.5;Implantar o Centro de Referência à Saúde da Mulher;Centro de Referência a Saúde da Mulher implantado.;2024;0;número absoluto;1;número absoluto;302;0;0;0;1
2.6.6;Aumentar o número de consultas especializadas mensais realizadas na Policlínica.;Número de consultas especializadas realizadas na Policlínica;2024;3150;número absoluto;4.725;número absoluto;302;3.544;3.938;4.332;4.725
2.6.7;Construir um Hemonúcleo em articulação interfederativa com o Estado do Pará.;Serviço de sangue e hemoderivados implantado.;2024;0;número absoluto;1;número absoluto;302;0;0;1;0
2.6.8;Ampliar a realização de exames laboratoriais em análise clínica garantindo acesso e qualidade em tempo oportuno;Percentual de exames laboratoriais de análises clínicas realizados.;2024;S/I;percentual;≥80%;número absoluto;302;60%;70%;80%;80%
;;;;;;;;;;;;
2.6.9;Ampliar a realização dos exames de mamografia de rastreamentos para mulheres de 50 a 74 anos;Percentual de exames de mamografia de rastreamento realizado em mulheres de 50 a 74 anos;2024;0,32;percentual;≥60%;número absoluto;302;30%;40%;50%;60%
2.6.10;Ampliar a realização de exames citopatológico em mulheres na faixa etária de 25 a 64 anos.;Percentual de exames citopatológicos realizados em mulheres de 25 a 64 anos.;2024;0,42;número absoluto;≥80%;número absoluto;302;60%;70%;80%;80%
2.6.11;Realizar articulação interfederativa com o Estado do Pará e Ministério da Saúde para construção de Hospital Regional de Alta Complexidade no município.;Hospital Regional de Alta Complexidade construído.;2024;0;número absoluto;1;número absoluto;302;0;0;1;0
2.6.12;Informatizar os processos de trabalho das unidades assistências e administrativas do HGP.;Percentual de Implantação do Prontuário Eletrônico Integrado no HGP;2024;60%;Percentual;95%;Percentual;302;65%;70%;80%;95%
2.6.13;Aumentar os protocolos implantados nas unidades do Hospital Geral de Parauapebas.;Taxa de Protocolos Implantados na Instituição;2024;60%;Percentual;95%;Percentual;302;80%;85%;90%;95%
2.6.14;Reduzir taxa de mortalidade hospitalar no HGP.;Taxa de Mortalidade Institucional;2024;3,8;decimal;3,5;decimal;302;3,8;3,7;3,6;3,5
2.6.15;Reduzir taxa de infecção geral do HGP.;Taxa de Infecção Hospitalar;2024;8%;percentual;≤5%;percentual;302;≤7,5%;≤6,5%;≤6%;≤5%
2.6.16;Reduzir o tempo médio de internação hospitalar.;Tempo Médio de Internação Hospitalar;2024;4.0;número absoluto dias;3,4;número absoluto dias;302;3,8;3,7;3,6;3,4
2.6.17;Manter número de evento Sentinela.;Número de evento Sentinela mantida em zero.;2024;4;número absoluto;0;número absoluto;302;0;0;0;0
2.6.18;Realizar articulação interfederativa para Implantação de serviços de hemodinâmica no município no HGP ou rede credenciada.;Serviço de Hemodinâmica implantado.;2024;0;número absoluto;1;número absoluto;302;0;0;1;0
2.6.19;Ampliar a capacidade instalada de Terapia Renal Substitutiva (hemodiálise) no município.;Número de cadeiras de hemodiálise habilitadas.;2024;10;número absoluto;37;número absoluto;302;37;0;0;0
2.6.20;Ampliar o acesso ao diagnóstico e tratamento oncológico no município, mediante ampliação da oferta de atendimentos com base nos tipos de câncer de maior incidência na região.;Percentual tratamento de câncer atendidos no serviço oncológico credenciado.;2024;28,57%;percentual;≥60%;percentual;302;28,57%;40%;50%;60%
;;;;;;;;;;;;
2.6.21;Capacitar os profissionais da DAES visando à Qualidade da Assistência em Saúde no município.;Percentual de profissionais da DAES capacitados.;2024;S/I;percentual;≥80%;percentual;302;50%;60%;70%;80%
2.6.22;"Promover a qualificação dos profissionais da Rede de Urgência e Emergência por meio da realização de cursos especializados em atendimento pré-hospitalar e suporte avançado à vida (AMLS; ACLS; PHTLS; BLS e Controle de Hemorragias).";Percentual de profissionais da Rede de Urgências e Emergência capacitados.;2024;S/I;percentual;≥80%;percentual;302;50%;60%;70%;80%
;;;;;;;;;;;;
REGULAÇÃO CONTROLE E AVALIAÇÃO;;;;;;;;;;;;
DIRETRIZ 3: Fortalecer os mecanismos de regulação, controle e avaliação dos serviços de saúde no âmbito municipal, garantindo o acesso ordenado, equitativo e oportuno aos exames, consultas especializadas, cirurgias eletivas e serviços especializados, com monitoramento contínuo de desempenho e redução de filas.;;;;;;;;;;;;
OBJETIVO 3.1: Organizar, monitorar e qualificar os processos de regulação, avaliação e auditoria da rede de saúde, assegurando o acesso eficiente aos serviços conforme prioridades clínicas, eficiência no uso de recursos e cumprimento das diretrizes do SUS.;;;;;;;;;;;;
Nº;Descrição da Meta;Indicador de Meta;Linha de Base do Indicador;;;Meta do PMS 2026 a 2029;Unidade de medida;Subfunção;2026;2027;2028;2029
;;;Ano ;Valor da linha de base ;Unidade de medida;;;;;;;
3.1.1;Reestruturar a Diretoria de Regulação, Controle e Avaliação (DIRCA) em conformidade com a Política Nacional de Regulação do SUS.;Complexo Regulador instituído por ato normativo;2024;0;número absoluto;1;número absoluto;122;1;0;0;0
3.1.2;Adequar espaço físico atual de funcionamento do Complexo Regulador Municipal, garantindo condições técnicas, tecnológicas e operacionais.;Espaço físico adequado.;2024;0;número absoluto;1;número absoluto;122;0;1;0;0
3.1.3;Construir o prédio do Complexo Regulador do município atendendo requisitos e parâmetros estruturais estabelecidos pelo MS e em conformidade com a Política Nacional de Regulação do SUS.;Estrutura física do Complexo Regulador construído.;2024;0;número absoluto;1;número absoluto;122;0;0;0;1
3.1.4;Adquirir bens permanentes (mobiliário, equipamentos e infraestrutura tecnológica) para o complexo regulador conforme a Política Nacional de Regulação do SUS, até 2028.;Percentual de bens permanentes preconizado adquiridos;2024;0;percentual;90%;percentual;122;60%;70%;80%;90%
3.1.5;Implantar/implementar sistema informatizado integrado para gestão da regulação ambulatorial, hospitalar e de urgência, articulado aos sistemas oficiais do SUS.;Sistema implantado e operando (Sim/Não);2024;0;número absoluto;1;número absoluto;122;1;0;0;0
3.1.6;Implantar protocolos municipais de classificação de risco e priorização, por tipos de demandas regulatórias, alinhada com à Atenção Primária à Saúde (APS), Atenção Especializada, Núcleos Internos de Regulação (NIR) e Núcleo de Gestão do Cuidado (NGC).;Percentual de protocolos implantados e pactuados com os pontos da rede.;2024;0;percentual;100%;percentual;122;50%;70%;80%;100%
3.1.7;Implantar fluxos regulatórios padronizados integrados à Atenção Primária à Saúde (APS), Atenção Especializada, Núcleos Internos de Regulação (NIR) e Núcleo de Gestão do Cuidado (NGC).;Percentual de fluxos regulatórios padronizados e implantados;2024;0;percentual;100%;percentual;122;50%;70%;80%;100%
3.1.8;Implantar protocolo municipal de transição do cuidado, garantindo contrarreferência registrada em das altas hospitalares.;Percentual de altas com contrarreferência registrada.;2024;0;percentual;100%;percentual;122;50%;70%;80%;100%
3.1.9;Implantar protocolo municipal de transporte sanitário integrado à regulação, garantindo priorização conforme classificação clínica.;Protocolo de transporte sanitário integrado implantado.;2024;0;percentual;100%;percentual;122;50%;70%;80%;100%
3.1.10;Monitorar mensalmente as filas reguladas, com emissão de relatório gerencial para a gestão municipal.;Percentual de competências monitoradas;2024;0;percentual;100%;percentual;122;100%;100%;100%;100%
3.1.11;Reduzir a taxa de absenteísmo dos procedimentos regulados.;Taxa de absenteísmo.;2024;S/I;percentual;≤6%;percentual;122;9,80%;≤8,8%;≤7,0%;≤6%
3.1.12;Garantir que as solicitações de leitos regulados sejam autorizadas no prazo previsto no protocolo de classificação clínica.;Percentual de solicitações autorizadas dentro do prazo.;2024;0;percentual;≥%90;percentual;122;50%;60%;70%;90%
3.1.13;Garantir atendimento das solicitações de transporte sanitário classificadas como prioritárias dentro do prazo estabelecido em protocolo.;Percentual de transportes atendidos no prazo.;2024;0;percentual;≥90%;percentual;122;50%;70%;80%;90%
3.1.14;Implantar programa permanente de educação continuada em regulação e gestão do acesso, com realização anual de ações formativas.;Número de ações formativas realizadas por ano.;2024;0;número absoluto;8;número absoluto;122;2;2;2;2
3.1.15;Aumentar a taxa de auditoria realizada pelo DIRCA de procedimentos ambulatoriais e hospitalares.;Taxa de auditoria dos procedimentos (ambulatorial e hospitalar);2024;60%;percentual;≥90%;percentual;122;70%;80%;90%;90%
3.1.16;Reduzir as inconsistências no envio de dados da produção do sistema de informação ambulatorial – Sia.;Percentual de inconsistências nos registros da produção ambulatorial (SIA);2024;S/I;Percentual;30%;percentual;122;10%;15%;25%;30%
3.1.17;Garantir acesso oportuno e equitativo ao Tratamento Fora do Domicílio (TFD), estruturando e implantando fluxo regulatório padronizado, com monitoramento sistemático dos processos, assegurando que, no mínimo, 90% das solicitações elegíveis sejam analisadas, autorizadas e encaminhadas dentro do prazo estabelecido em protocolo municipal.;Percentual de solicitações de TFD elegíveis analisadas e autorizadas dentro do prazo estabelecido no protocolo municipal.;2024;S/I;Percentual;90%;percentual;122;50%;70%;80%;90%
3.1.18;Implantar, até o final do quadriênio do PMS, o modelo de Ofertas de Cuidado Integrado (OCI) no âmbito da Regulação Municipal, garantindo que, no mínimo, 80% dos encaminhamentos para Atenção Ambulatorial Especializada das linhas prioritárias ocorram por meio de OCI, com definição de fluxos regulatórios, protocolos pactuados e monitoramento sistemático das filas.;Percentual de encaminhamentos para especialidades prioritárias realizados por meio de OCI.;2024;0;Percentual;80%;percentual;122;20%;40%;60%;80%
3.1.19;Implantar rotina permanente de qualificação e depuração da fila de cirurgias eletivas, com revisão periódica das solicitações, assegurando que 80% dos registros sejam atualizados quanto à indicação clínica, condição do paciente e manutenção do interesse na realização do procedimento.;Percentual de registros da fila cirúrgica revisados e atualizados no período.;2024;S/I;Percentual;80%;percentual;122;20%;40%;60%;80%
;;;;;;;;;;;;
ASSISTÊNCIA FARMACÊUTICA;;;;;;;;;;;;
DIRETRIZ 4: Fortalecer a Assistência Farmacêutica no município de Parauapebas garantindo o acesso a medicamentos e insumos estratégicos, seu uso racional em consonância as necessidades do SUS e bem-estar da população, promovendo educação continuada, inserção e valorização dos profissionais da Assistência Farmacêutica e saúde digital com sistemas de informação e de gerenciamento.;;;;;;;;;;;;
OBJETIVO 4.1: Ampliar o acesso da população a medicamentos e insumos estratégicos, promovendo o uso racional, seguro e eficaz e serviços farmacêuticos: qualificando a assistência e cuidado farmacêutico, a educação continuada, a descentralização do sistema de informação, o gerenciamento para os serviços público de saúde do município e o fortalecimento do uso de planta medicinais e fitoterápicos como alternativa terapêutica.;;;;;;;;;;;;
Nº;Descrição da Meta;Indicador de Meta;Linha de Base do Indicador;;;Meta do PMS 2026 a 2029;Unidade de medida;Subfunção;2026;2027;2028;2029
;;;Ano ;Valor da linha de base ;Unidade de medida;;;;;;;
4.1.1;Reestruturar e manter ativa a Comissão de Farmácia e Terapêutica (CFT) no âmbito municipal.;CFT legalmente restruturada e ativa.;2024;0;número absoluto;1;número absoluto;122;1;0;0;0
4.1.2;Elaborar e atualizar a cada dois anos a Relação Municipal de Medicamentos Essenciais (REMUME) em conformidade com Relação Nacional de Medicamentos Essenciais (RENAME 2024), o perfil epidemiológico e assistenciais do município. ;REMUME elaborada e atualizada conforme a RENAME vigente.;2024;0;número absoluto;1;número absoluto;122;1;0;1;0
4.1.3;Ampliar o acesso aos medicamentos essenciais e insumos estratégicos padronizados na REMUME 2026 nas farmácias das UBS.;Percentual de medicamentos e insumos padronizados na REMUME dispensados nas farmácias das UBS.;2024;20%;percentual;80%;percentual;303/;≥50%;≥60%;≥70%;≥80%
;;;;;;;;122;;;;
4.1.4;Ampliar o abastecimento de medicamentos e insumos farmacêuticos para serviços especializado da MAC e urgência/emergência.;Percentual de medicamentos e insumos disponíveis nos serviços especializado da MAC e urgência/emergência conforme protocolos clínicos.;2024;20%;percentual;80%;percentual;303/;≥50%;≥60%;≥70%;≥80%
;;;;;;;;302;;;;
;;;;;;;;122;;;;
4.1.5;Ampliar o fornecimento das fórmulas às crianças cadastradas no Programa APLV.;Percentual de crianças cadastrada no programa recebendo as fórmulas prescrita.;2024;27%;percentual;75%;percentual;303;≥50%;≥60%;≥70%;≥75%
;;;;;;;;122;;;;
4.1.6;Ampliar o abastecimento de fraldas aos pacientes com cadastro ativo na Rede de Cuidado à Pessoas com Deficiência – RCPD. Em consonância com o protocolo municipal.;Percentual de pacientes ativos da RCPD com recebimento regular de fraldas.;2024;18%;percentual;75%;percentual;303;≥50%;≥60%;≥70%;≥75%
;;;;;;;;122;;;;
4.1.7;Implantar na APS, alternativas terapêuticas, planta medicinais (farmácia viva) e fitoterápicos da RENAME.;Número de alternativas terapêuticas implantadas na APS.;2024;0;número absoluto;2;número absoluto;303/       122;1;0;0;1
4.1.8;Garantir a presença do farmacêutico na gestão e cuidado farmacêutico em das farmácias do SUS municipal.;Percentual de farmácias públicas com profissional farmacêutico.;2024;12,90%;percentual;60%;percentual;122;≥30%;≥40%;≥50%;≥60%
4.1.9;Qualificar os serviços de Assistência Farmacêutica do SUS no município, conforme os eixos do Qualifar-SUS (Estrutura-equipamento e mobiliários, Gestão, Cuidado e Educação).;Percentual de farmácias públicas estruturadas e qualificadas de acordo com os eixos do Qualifar-SUS.;2024;0%;percentual;40%;percentual;303;≥10%;≥20%;≥30%;≥40%
4.1.10;Realizar a aquisição/construção/reforma de um prédio próprio para a Central de Abastecimento Farmacêutico do município.;Central de Abastecimento Farmacêutico funcionando em imóvel próprio que atenda os parâmetros das RDC’s sanitárias.;2024;0;número absoluto;1;número absoluto;122;0;0;0;1
4.1.11;Implantar soluções digitais na Assistência Farmacêutica municipal alcançando das farmácias públicas.;Percentual de soluções digitais (HÓRUS/ E- SUS AF) implantadas nas farmácias públicas.;2024;0%;percentual;60%;percentual;303;≥30%;≥40%;≥50%;≥60%
4.1.12;Reduzir novas demandas judiciais para fornecimento de medicamentos e insumos farmacêuticos relacionados as novas demandas para AF em 2024.;Percentual de novas demandas judiciais relacionadas à Assistência Farmacêutica.;2024;100% (22) processos novos;percentual;2%;percentual;122;≥0,5%;≥1%;≥1,5%;≥2%
4.1.13;Implantar o Sistema de Logística Reversa de Medicamentos nas Unidade de Saúde Municipais.;Percentual de unidades de saúde com sistema de logística reversa implantado.;2024;0%;percentual;50%;percentual;122;≥20%;≥30%;≥40%;≥50%
;;;;;;;;;;;;
VIGILÂNCIA EM SAÚDE;;;;;;;;;;;;
DIRETRIZ 5: Integrar e fortalecer de forma articulada todas as áreas da Vigilância em Saúde, ampliando a capacidade de prevenção, detecção, monitoramento e resposta a agravos, e promovendo ações intersetoriais que garantam proteção integral à saúde da população.;;;;;;;;;;;;
OBJETIVO 5.1: Integrar e fortalecer as ações de Vigilância em Saúde por meio da qualificação dos sistemas de informação, da ampliação da capacidade de detecção, monitoramento e resposta a agravos, do fortalecimento do trabalho intersetorial e da articulação  entre ações epidemiológicas, sanitárias, ambientais, de saúde do trabalhador e zoonoses, também com a Atenção Primária e demais níveis de atenção, garantindo ações mais oportunas, eficientes e orientadas às necessidades sanitárias e laborais da população.;;;;;;;;;;;;
Nº;Descrição da Meta;Indicador de Meta;Linha de Base do Indicador;;;Meta do PMS 2026 a 2029;Unidade de medida;Subfunção;2026;2027;2028;2029
;;;;;;;;;;;;
;;;Ano ;Valor da linha de base ;Unidade de medida;;;;;;;
5.1.1;Aumentar a proporção de casos de malária tratados em tempo oportuno. ;Proporção de casos de malária que iniciaram tratamento em tempo oportuno.;2024;24%;Percentual;70%;Percentual;305;70%;70%;70%;70%
5.1.2;Reduzir o percentual de casos de AIDS diagnosticados em estágio avançado. ;Percentual de casos novos de AIDS diagnosticados com LT-CD4 < 200 cels/mm3.;2024;34%;Percentual;30%;Percentual;305;30%;30%;30%;30%
5.1.3;Reduzir a incidência de AIDS em menores de 5 anos em 0 até 2029.;Número de casos novos de AIDS em menores de 5 anos.;2024;1;número absoluto;0;número absoluto;305;0;0;0;0
5.1.4;Ampliar a proporção de contatos de TB pulmonar examinados.;Proporção de contatos de TB examinados;2024;39,70%;Percentual;70%;Percentual;305;55%;60%;65%;70%
5.1.5;Reduzir o percentual de casos de sífilis congênita em relação ao total de casos de sífilis em gestantes.;Percentual de casos de sífilis congênita em relação ao total de casos de sífilis em gestantes.;2024;21%;Percentual;≤17%;Percentual;305;20%;19%;18%;17%
5.1.6;Alcançar e manter cobertura vacinal selecionadas (Pentavalente (3ª dose), Pneumocócica10-valente (2ª dose), Poliomielite (3ª dose) e Tríplice viral (1ª dose) em crianças menores de 1 ano de idade, conforme preconizado pelo Programa Nacional de Imunizações (PNI).;Proporção de vacinas selecionadas com cobertura ≥95%;2024;70%;Percentual;95%;Percentual;305;95%;95%;95%;95%
5.1.7;Capacitar as Unidades de Saúde, públicas e privadas, para a notificação de violências interpessoais e autoprovocadas.;Percentual de unidades de saúde capacitadas para notificação de violências;2024;S/I;Percentual;80%;Percentual;305;20%;40%;60%;80%
5.1.8;Alcançar e manter a realização de exames nos contatos de casos novos de hanseníase diagnosticados nos anos das coortes.;Proporção de contatos examinados de casos novos de hanseníase diagnosticados nos anos das coortes.;2024;80%;Percentual;82%;Percentual;305;82%;82%;82%;82%
5.1.9;Aumentar o número de atividades educativas realizadas pela vigilância sanitária.;Número de atividades educativas realizadas ao ano pela vigilância sanitária.;2024;29;número absoluto;70;número absoluto;305;40;50;60;70
5.1.10;Capacitar as Unidades de Saúde, públicas e privadas, para notificação de acidentes/doenças relacionadas ao trabalho.;Percentual de estabelecimentos de saúde com CNES ativo capacitados para notificação de acidentes/doenças relacionadas ao trabalho.;2024;S/I;Percentual;80%;Percentual;305;20%;40%;60%;80%
5.1.11;Construir uma nova sede para o Centro de Testagem e Acolhimento/Serviços de Atendimento Especializado (CTA/SAE), que atenda os pré-requisitos estruturais do Ministério da Saúde e da Vigilância Sanitária.;Nova sede do CTA/SAE construído.;2024;0;número absoluto;1;número absoluto;305 122;0;0;0;1
5.1.12;Reestruturar e ampliar a capacidade física e assistencial do CTA/SAE adequando sua estrutura às normativas do Ministério da Saúde e da Vigilância Sanitária, compatibilizando-a com a demanda epidemiológica da região.;CTA ampliada e reestruturada.;2024;0;número absoluto;1;número absoluto;305 122;0;1;0;0
;;;;;;;;;;;;
5.1.13;Qualificar os serviços da Vigilância em Saúde por meio do abastecimento regular de insumos, matérias de consumo e serviços de;Percentual de serviços da Vigilância em Saúde abastecidos regularmente com materiais de consumo, insumos e serviços de manutenções essenciais.;2024;S/I;percentual;90%;percentual;305;75%;80%;85%;90%
;Manutenção necessários para os desenvolvimentos das atividades.;;;;;;;122;;;;
5.1.14;Qualificar as estruturas e os serviços da Vigilância em Saúde por meio da aquisição de equipamentos, mobiliários e bens permanentes.;Percentual de serviços Vigilância em Saúde com equipamentos, mobiliários e bens permanentes adequados às suas atividades.;2024;S/I;percentual;90%;percentual;305;75%;80%;85%;90%
;;;;;;;;122;;;;
5.1.15;Garantir suporte logístico às equipes de Vigilância em Saúde mediante disponibilização de frota, assegurando mobilidade adequada para a execução das ações de inspeção, monitoramento, investigação e controle. ;Percentual de demandas de campo da Vigilância em Saúde atendidas com suporte de transporte adequado.;2024;S/I;percentual;90%;percentual;305;75%;80%;85%;90%
;;;;;;;;122;;;;
5.1.16;Estruturar a Unidade de Vigilância e Zoonoses – UVZ adequando sua estrutura as necessidades e as normativas do MS e da VISA.;UVZ estruturada.;2024;0;número absoluto;1;número absoluto;305 122;0;1;0;0
5.1.17;Realizar investigação dos óbitos maternos. ;Percentual de óbitos materno investigados.;2024;100%;percentual;100%;percentual;305;100%;100%;100%;100%
;;;;;;;;122;;;;
5.1.18;Realizar investigação dos óbitos infantil e fetal.;Percentual de óbitos infantil e fetal investigados.;2024; 90%;percentual;90%;percentual;305;90%;90%;90%;90%
;;;;;;;;122;;;;
5.1.19;Implementar e manter ativo os Comitês Municipal de Prevenção da Mortalidade Materna Infantil e Fetal. ;Comitês de Prevenção da Mortalidade Materna, Infantil e Fetal implantados.;2024;1;número absoluto;1;número absoluto;305 122;1;1;1;1
5.1.20;Manter ou ampliar o resultado do município na Avaliação do Programa de Qualificação das Ações de Vigilância em Saúde (PQA-VS).;Percentual alcançado pelo município no PQA-VS.;2024;90%;percentual;≥90%;percentual;304;≥90%;≥90%;≥90%;≥90%
;;;;;;;;305;;;;
;;;;;;;;;;;;
;;;;;;;;;;;;
GESTÃO EM SAÚDE DO SUS;;;;;;;;;;;;
DIRETRIZ 6: Qualificar a gestão do Sistema Municipal de Saúde com foco na governança, regionalização, articulação interfederativa,  fortalecimento do planejamento, da regulação, controle e avaliação, da gestão financeira, da participação social, da transparência e da qualidade dos serviços e da incorporação e inovação da saúde digital, garantindo eficiência administrativa e melhoria contínua da atenção à saúde;;;;;;;;;;;;
OBJETIVO 6.1: Fortalecer a gestão administrativa da Secretaria Municipal de Saúde, assegurando organização, eficiência, transparência e suporte adequado às ações e serviços de saúde do município.;;;;;;;;;;;;
Nº;Descrição da Meta;Indicador de Meta;Linha de Base do Indicador;;;Meta do PMS 2026 a 2029;Unidade de medida;Subfunção;2026;2027;2028;2029
;;;;;;;;;;;;
;;;Ano ;Valor da linha de base ;Unidade de medida;;;;;;;
6.1.1;Implementar a Gestão Integrada dos Resíduos de Serviços de Saúde (RSS) nas unidades pública de saúde do município, garantindo manejo, coleta, transporte, tratamento e destinação final ambientalmente adequada, conforme legislação sanitária e ambiental vigente. ;Percentual de unidades de saúde com manejo e destinação adequada de RSS conforme legislação vigente.;2024;100%;percentual;100%;percentual;122;25%;50%;75%;100%
6.1.2;Realizar articulação intersetorial para a construção de sede própria da Secretária Municipal de Saúde.;Sede da SEMSA construída.;2024;0;número absoluto;1;número absoluto;122;0;0;0;1
6.1.3;Garantir o funcionamento contínuo e qualificado dos serviços da Secretaria Municipal de saúde no município com o provimento de materiais de consumo e serviços de manutenção.;Serviços da SEMSA abastecidos regularmente com materiais de consumo e serviços de manutenções essenciais.;2024;S/I;percentual;≥90%;percentual;122;≥75%;≥80%;≥85%;≥90% 
6.1.4;Qualificar as estruturas da Secretaria Municipal de Saúde por meio da aquisição de bens permanentes (equipamentos, mobiliários e etc.);Percentual de serviços da SEMSA com equipamentos, mobiliários (bens permanentes) adequados às suas atividades.;2024;S/I;percentual;90%;percentual;122;75%;80%;85%;90%
6.1.5;Identificar e inventariar, anualmente, os bens permanentes inservíveis da Secretaria Municipal da Saúde (SEMSA), com vistas à adoção das providências administrativas para desfazimento e/ou leilão público.;Percentual de bens permanentes inservíveis identificados e inventariados.;2024;S/I;percentual;100%;Percentual;122;100%;100%;100%;100%
6.1.6;Realizar manutenção preventiva, corretiva e/ou reforma predial nas unidades próprias vinculadas à Secretaria Municipal da Saúde (SEMSA), conforme diagnóstico técnico das áreas.;Percentual de unidades de saúde com manutenção e/ou reforma executada no período.;2024;S/I;percentual;100%;Percentual;122;40%;60%;80%;100%
6.1.7;Assegurar, anualmente, a locação de imóveis que atendam às exigências técnicas, sanitárias e de segurança, destinados ao funcionamento das unidades da Secretaria Municipal da Saúde (SEMSA) que não dispõem de sede própria.;Percentual de unidades sem sede própria com contrato de locação vigente e regular.;2024;S/I;percentual;100%;Percentual;122;100%;100%;100%;100%
6.1.8;Assegurar a disponibilidade de frota de veículos dimensionada como necessária para atender às demandas operacionais da Secretaria Municipal da Saúde (SEMSA).;Percentual de veículos disponíveis em relação à frota necessária planejada.;2024;S/I;percentual;≥90%;Percentual;122;≥90%;≥90%;≥90%;≥90%
6.1.9;Mapear, padronizar e regulamentar os processos administrativos e operacionais prioritários da Secretaria Municipal de Saúde, garantindo maior eficiência, transparência e segurança institucional.;Percentual de processos administrativos padronizados e regulamentados.;2024;S/I;percentual;≥90%;Percentual;122;≥60%;≥70%;≥80%;≥90%
6.1.10;Estruturar e qualificar o suporte administrativo às unidades e setores da Secretaria Municipal de Saúde, garantindo atendimento tempestivo, padronizado e monitorado das demandas internas.;Percentual de demandas administrativas atendidas dentro do prazo estabelecido.;2024;S/I;percentual;≥90%;percentual;122;≥75%;≥80%;≥85%;≥90%
;;;;;;;;;;;;
OBJETIVO 6.2: Fortalecer o planejamento, monitoramento e avaliação da gestão municipal de saúde, garantindo organização das ações, uso eficiente dos recursos e alinhamento às diretrizes do SUS.;;;;;;;;;;;;
Nº;Descrição da Meta;Indicador de Meta;Linha de Base do Indicador;;;Meta do PMS 2026 a 2029;Unidade de medida;Subfunção;2026;2027;2028;2029
;;;;;;;;;;;;
;;;Ano ;Valor da linha de base ;Unidade de medida;;;;;;;
6.2.1;Elaborar, registrar no DigiSUS e encaminhar para o CMS o Plano Municipal de Saúde (PMS) 2026–2029 para análise e deliberação em conformidade com as diretrizes do Ministério da Saúde.;Plano Municipal de Saúde elaborado, registrado no DigiSUS e encaminhado ao CMS para análise e deliberação.;2024;1;número absoluto;1;número absoluto;122;1;0;0;0
6.2.2;Elaborar, registrar no DigiSUS a Programação Anual de Saúde (PAS) e encaminhar para análise e aprovação do CMS em conformidade com as diretrizes do Ministério da Saúde.;Programação Anual de Saúde elaborada, registrada no DigiSUS encaminhada ao CMS para análise e aprovação.;2024;1;número absoluto;4;número absoluto;122;1;1;1;1
6.2.3;Elaborar e registrar no sistema DigiSUS, os Relatórios Detalhados do Quadrimestre Anterior (RDQA), encaminhando-os para análise e considerações do CMS atendendo as normativas do Ministério da Saúde.;RDQA elaborados e registrados no DigiSUS e encaminhado para análise e considerações do CMS.;2024;3;número absoluto;12;número absoluto;122;3;3;3;3
6.2.4;Elaborar e registrar no sistema DigiSUS, o Relatório Anual de Gestão (RAG) encaminhando-o para análise e deliberação do Conselho Municipal de Saúde (CMS), atendendo as normativas do Ministério da Saúde.;RAG elaborados e registrados no DigiSUS para análise e aprovação do CMS.;2024;1;número absoluto;4;número absoluto;122;1;1;1;1
6.2.5;Monitorar e avaliar, as metas estabelecidas no Plano Municipal de Saúde (PMS), utilizando instrumentos de acompanhamento sistemático e análise de desempenho.;Percentual de metas do PMS monitoradas e avaliadas no período.;2024;S/I;percentual;100%;percentual;122;100%;100%;100%;100%
6.2.6;Implantar, Sala de Situação em Saúde no âmbito da Secretaria Municipal da Saúde, destinada ao monitoramento de indicadores, avaliação das metas do PMS e apoio à tomada de decisão estratégica da gestão municipal.;Sala de Situação implantada e em funcionamento.;2024;0;Número absoluto;1;Número absoluto;122;1;0;0;0
;;;;;;;;;;;;
6.2.7;Implantar e disponibilizar “Painel de Inteligência Estratégica” que gerencia e monitora os indicadores, serviços e produção assistencial da Secretaria Municipal da Saúde (SEMSA) integrando dados do e-SUS APS e e-SUS Ampliado transformando informação em inteligência estratégica para subsidiar o planejamento, a avaliação rigorosa e a tomada de decisão da gestão municipal.;Painel gerencial da SEMSA implantado e em funcionamento.;2024;0;número absoluto;1;número absoluto;122;1;0;0;0
6.2.8;Implantar e qualificar as linhas de cuidado prioritárias da Secretaria Municipal da Saúde (SEMSA), em conformidade com as diretrizes do Ministério da Saúde, visando à organização da Rede de Atenção à Saúde e à integralidade do cuidado.;Número de linhas de cuidado prioritárias implantadas e/ou qualificadas.;2024;1;número absoluto;17;número absoluto;122;4;4;4;5
6.2.9;Implantar o Núcleo de Avaliação em Economia, Tecnologia e Inovação em Saúde no âmbito da Secretaria Municipal da Saúde (SEMSA), com a estruturação e operacionalização de um Banco de Dados institucional em tecnologias, incorporação tecnológica e avaliação econômica em saúde.;Banco de dados institucional estruturado e em funcionamento;2024;0;número absoluto;1;número absoluto;122;1;0;0;0
6.2.10;Monitorar periodicamente a regularidade da alimentação, validação e envio das informações nos Sistemas de Informação em Saúde, mediante análise técnica dos relatórios de produção e cadastros, subsidiando a gestão na adoção de medidas corretivas quando necessário.;Percentual de sistemas monitorados quanto à regularidade de envio no período.;2024;S/I;percentual;100%;Percentual;122;100%;100%;100%;100%
6.2.11;Implantar Grupo Condutor da Rede de Atenção à Saúde (RAS) no âmbito da Secretaria Municipal da Saúde (SEMSA), visando ao fortalecimento da governança da RAS, à organização dos fluxos assistenciais e ao apoio técnico às áreas executoras da rede.;Grupo Condutor da RAS implantado e em funcionamento.;2024;0;número absoluto;1;número absoluto;122;1;0;0;0
6.2.12;Implantar e operacionalizar o prontuário eletrônico (priorizando e-SUS) nos serviços da Secretaria Municipal da Saúde (SEMSA), garantindo a qualificação dos registros assistenciais, a integração das informações entre os pontos de atenção e a segurança dos dados em saúde.;Percentual de unidades de saúde com prontuário eletrônico implantado e em funcionamento.;2024;S/I;percentual;≥90%;percentual;122;≥90%;≥90%;≥90%;≥90%
OBJETIVO 6.3: Fortalecer a gestão financeira do Fundo Municipal de Saúde, assegurando planejamento, execução orçamentária eficiente, transparência na aplicação dos recursos e conformidade com as normas do SUS.;;;;;;;;;;;;
Nº;Descrição da Meta;Indicador de Meta;Linha de Base do Indicador;;;Meta do PMS 2026 a 2029;Unidade de medida;Subfunção;2026;2027;2028;2029
;;;Ano ;Valor da linha de base ;Unidade de medida;;;;;;;
6.3.1;Implantar/Implementar a gestão de centros de custos na rede de saúde do SUS conforme modulo disponível no ApuraSUS. ;Percentual de implantação dos centros de custos e Eficácia do gasto público com saúde através da Gestão de Custos;2024;5%;percentual;80%;percentual;122;29%;57%;71%;80%
OBJETIVO 6.4: Fortalecer a Ouvidoria Municipal do SUS como instrumento de participação social, transparência e melhoria contínua dos serviços de saúde, garantindo escuta qualificada e resposta oportuna às manifestações dos usuários.;;;;;;;;;;;;
Nº;Descrição da Meta;Indicador de Meta;Linha de Base do Indicador;;;Meta do PMS 2026 a 2029;Unidade de medida;Subfunção;2026;2027;2028;2029
;;;;;;;;;;;;
;;;Ano ;Valor da linha de base ;Unidade de medida;;;;;;;
6.4.1;Aumentar o percentual de manifestações respondidas ao cidadão em até 30 dias do recebimento na Ouvidoria SUS.;Percentual de manifestações respondidas ao cidadão em até 30 dias do recebimento.;2024;60%;percentual;90%;percentual;122;70%;75%;80%;90%
6.4.2;Reduzir o Tempo Médio de Resposta Conclusiva da Ouvidoria SUS.;Tempo Médio (em dias corridos) entre a abertura da manifestação e a comunicação da resposta conclusiva ao cidadão.;2024;30;número absoluto;13;número absoluto;122;20;17;15;13
OBJETIVO 6.5: Assegurar o funcionamento regular e qualificado do Conselho Municipal de Saúde, promovendo participação social, transparência e acompanhamento das ações da gestão municipal.;;;;;;;;;;;;
Nº;Descrição da Meta;Indicador de Meta;Linha de Base do Indicador;;;Meta do PMS 2026 a 2029;Unidade de medida;Subfunção;2026;2027;2028;2029
;;;Ano ;Valor da linha de base;Unidade de medida;;;;;;;
6.5.1;Realizar capacitações continuada para os conselheiros de saúde e comunidade;Nº de ações realizadas;2024;0;número absoluto;≥ 4;número absoluto;122;1;1;1;1
6.5.2;Realizar as Conferências Municipais de Saúde.;Nº de conferencias realizadas;2024;2;número absoluto;2;número absoluto;122;1;0;1;0
6.5.3;Criar e manter canais de comunicação digital do CMS para divulgação das reuniões, pautas e deliberações.;Número de canais de informações criados;2024;0;número absoluto;3;número absoluto;122;1;1;1;0
;;;;;;;;;;;;
GESTÃO DO TRABALHO;;;;;;;;;;;;
DIRETRIZ 7: Fortalecer a gestão do trabalho e o desenvolvimento dos profissionais de saúde, promovendo condições adequadas de trabalho, valorização, qualificação contínua e cuidado integral à saúde do trabalhador do SUS.;;;;;;;;;;;;
OBJETIVO 7.1: Implementar ações de aprimoramento dos processos de trabalho no SUS, promovendo formação e educação continuada, humanização, qualificação e valorização dos trabalhadores com ênfase no cuidado e acompanhamento à saúde do trabalhador.;;;;;;;;;;;;
Nº;Descrição da Meta;Indicador de Meta;Linha de Base do Indicador;;;Meta do PMS 2026 a 2029;Unidade de medida;Subfunção;2026;2027;2028;2029
;;;;;;;;;;;;
;;;Ano ;Valor da linha de base;Unidade de medida;;;;;;;
7.1.1;Fortalecer e ampliar as ações integradas de promoção, prevenção, assistência e reabilitação à saúde e qualidade de vida dos trabalhadores da SEMSA.;Percentual de trabalhadores da SEMSA alcançados com ações de prevenção e promoção a saúde e qualidade de vida no trabalho.;2024;61%;percentual;75%;percentual;122;64,50%;68%;71,50%;75%
7.1.2;Implantar Plano de Educação Permanente com agenda integrada de capacitações.;Plano de Educação Permanente com agenda integrada de capacitações implantado.;2024;0;percentual;50%;percentual;122;20%;30%;40%;50%
7.1.3;Instituir o Plano Municipal de Integração Ensino-Serviço no âmbito da SEMSA.;Plano Municipal de Integração Ensino-Serviço da SEMSA, instituído.;2024;0;número absoluto;1;número absoluto;122;1;0;0;0
7.1.4;Implantar Centro de Capacitação de Educação Permanente da SEMSA.;Centro de Capacitação de Educação Permanente da SEMSA implantado.;2024;0;número absoluto;1;número absoluto;122;0;1;0;0
7.1.5;Fortalecer a política de Humanização no SUS de Parauapebas;Resultado do Diagnóstico situacional das práticas de humanização no SUS e taxas de implantação dos GTHs;2024;0;número absoluto;1;número absoluto;122;1;0;0;0
;;;;;;;;;;;;
